"airline","airlineID","sourceAirport","sourceAirportID","destinationAirport","destinationAirportID","codeshare","stops","equipment"
"3H",NA,"AKV","5506","YIK","5504",NA,"0","DH8"
"3H",NA,"AKV","5506","YPX","6727",NA,"0","DH8"
"3H",NA,"XGR","5512","YVP"," 154",NA,"0","DHT BET"
"3H",NA,"YGL","  62","YGW","5496",NA,"0","DHT"
"3H",NA,"YGL","  62","YPX","6727",NA,"0","73M"
"3H",NA,"YGL","  62","YUL"," 146",NA,"0","73M"
"3H",NA,"YGW","5496","YGL","  62",NA,"0","DHT"
"3H",NA,"YGW","5496","YPH","5520",NA,"0","BET"
"3H",NA,"YGW","5496","YSK","5529",NA,"0","DH8"
"3H",NA,"YGW","5496","YUD","5515",NA,"0","DH8"
"3H",NA,"YGW","5496","YUL"," 146",NA,"0","DH8"
"3H",NA,"YGW","5496","YUY"," 149",NA,"0","DH8"
"3H",NA,"YIK","5504","AKV","5506",NA,"0","DH8"
"3H",NA,"YIK","5504","YZG","5535",NA,"0","DH8"
"3H",NA,"YKG","5481","YPJ","5508",NA,"0","DHT DH8"
"3H",NA,"YKG","5481","YQC","5499",NA,"0","DH8"
"3H",NA,"YKG","5481","YVP"," 154",NA,"0","DH8 DHT"
"3H",NA,"YKL","  80","YQB"," 111",NA,"0","DH8"
"3H",NA,"YKL","  80","YVP"," 154",NA,"0","DH8 BET"
"3H",NA,"YKL","  80","YWK"," 161",NA,"0","BET"
"3H",NA,"YKL","  80","YZV"," 202",NA,"0","BET DH8"
"3H",NA,"YPH","5520","YPX","6727",NA,"0","DH8 BET"
"3H",NA,"YPH","5520","YUD","5515",NA,"0","DH8"
"3H",NA,"YPH","5520","YVP"," 154",NA,"0","BET"
"3H",NA,"YPJ","5508","YKG","5481",NA,"0","DHT DH8"
"3H",NA,"YPJ","5508","YTQ","6728",NA,"0","DHT DH8"
"3H",NA,"YPJ","5508","YVP"," 154",NA,"0","DHT"
"3H",NA,"YPX","6727","AKV","5506",NA,"0","DH8"
"3H",NA,"YPX","6727","YGL","  62",NA,"0","73M"
"3H",NA,"YPX","6727","YPH","5520",NA,"0","DH8"
"3H",NA,"YPX","6727","YVP"," 154",NA,"0","BET"
"3H",NA,"YQB"," 111","YKL","  80",NA,"0","DH8"
"3H",NA,"YQB"," 111","YUL"," 146",NA,"0","DH8"
"3H",NA,"YQC","5499","YKG","5481",NA,"0","DH8"
"3H",NA,"YQC","5499","YWB","7253",NA,"0","DH8"
"3H",NA,"YSK","5529","YGW","5496",NA,"0","DH8"
"3H",NA,"YSK","5529","YUD","5515",NA,"0","DH8"
"3H",NA,"YTQ","6728","YPJ","5508",NA,"0","DHT DH8"
"3H",NA,"YTQ","6728","YVP"," 154",NA,"0","DHT DH8"
"3H",NA,"YUD","5515","YGW","5496",NA,"0","DH8"
"3H",NA,"YUD","5515","YPH","5520",NA,"0","DH8"
"3H",NA,"YUD","5515","YSK","5529",NA,"0","DH8"
"3H",NA,"YUL"," 146","YGL","  62",NA,"0","73M"
"3H",NA,"YUL"," 146","YGW","5496",NA,"0","DH8"
"3H",NA,"YUL"," 146","YQB"," 111",NA,"0","DH8"
"3H",NA,"YUL"," 146","YUY"," 149",NA,"0","DH8"
"3H",NA,"YUY"," 149","YGW","5496",NA,"0","DH8"
"3H",NA,"YUY"," 149","YUL"," 146",NA,"0","DH8"
"3H",NA,"YVP"," 154","XGR","5512",NA,"0","DHT BET"
"3H",NA,"YVP"," 154","YGW","5496",NA,"0","BET"
"3H",NA,"YVP"," 154","YKG","5481",NA,"0","DH8"
"3H",NA,"YVP"," 154","YKL","  80",NA,"0","DH8 BET"
"3H",NA,"YVP"," 154","YPH","5520",NA,"0","BET"
"3H",NA,"YVP"," 154","YPJ","5508",NA,"0","DHT"
"3H",NA,"YVP"," 154","YPX","6727",NA,"0","BET"
"3H",NA,"YVP"," 154","YTQ","6728",NA,"0","DHT DH8"
"3H",NA,"YWB","7253","YQC","5499",NA,"0","DH8"
"3H",NA,"YWB","7253","YZG","5535",NA,"0","DH8"
"3H",NA,"YWK"," 161","YKL","  80",NA,"0","BET"
"3H",NA,"YWK"," 161","YZV"," 202",NA,"0","BET"
"3H",NA,"YZG","5535","YIK","5504",NA,"0","DH8"
"3H",NA,"YZG","5535","YWB","7253",NA,"0","DH8"
"3H",NA,"YZV"," 202","YKL","  80",NA,"0","BET DH8"
"3H",NA,"YZV"," 202","YWK"," 161",NA,"0","BET"
"4K","   29","YGZ","5498","YRB"," 128",NA,"0","DHT"
"4K","   29","YRB"," 128","YGZ","5498",NA,"0","DHT"
"4N","  341","YEG","  49","YXY"," 176",NA,"0","737"
"4N","  341","YLW","  87","YVR"," 156",NA,"0","737"
"4N","  341","YLW","  87","YXY"," 176",NA,"0","737"
"4N","  341","YOW"," 100","YZF"," 196",NA,"0","737"
"4N","  341","YVR"," 156","YLW","  87",NA,"0","737"
"4N","  341","YVR"," 156","YXY"," 176",NA,"0","737"
"4N","  341","YXY"," 176","YLW","  87",NA,"0","737"
"4N","  341","YXY"," 176","YVR"," 156",NA,"0","737"
"4N","  341","YXY"," 176","YYC"," 178",NA,"0","737"
"4N","  341","YXY"," 176","YZF"," 196",NA,"0","737"
"4N","  341","YYC"," 178","YEG","  49",NA,"0","737"
"4N","  341","YZF"," 196","YOW"," 100",NA,"0","737"
"4N","  341","YZF"," 196","YXY"," 176",NA,"0","737"
"5T"," 1623","YBK","  29","YCS","5487","Y","0","ATR"
"5T"," 1623","YBK","  29","YXN","5534","Y","0","ATR"
"5T"," 1623","YCB","  32","YCO","  37",NA,"0","DH8 73M"
"5T"," 1623","YCB","  32","YYH"," 183",NA,"0","DH8"
"5T"," 1623","YCB","  32","YZF"," 196",NA,"0","DH8 73M"
"5T"," 1623","YCO","  37","YCB","  32",NA,"0","DH8 73M"
"5T"," 1623","YCO","  37","YZF"," 196",NA,"0","DH8 73M"
"5T"," 1623","YCS","5487","YBK","  29","Y","0","AT4"
"5T"," 1623","YCS","5487","YRT"," 132","Y","0","ATR AT4"
"5T"," 1623","YCY","  40","YFB","  55",NA,"0","DH8"
"5T"," 1623","YCY","  40","YIO","  75",NA,"0","DH8"
"5T"," 1623","YEG","  49","YZF"," 196",NA,"0","73M 733"
"5T"," 1623","YEK","  50","YXN","5534","Y","0","ATR AT4"
"5T"," 1623","YEK","  50","YYQ"," 187","Y","0","ATR AT4"
"5T"," 1623","YEV","  54","YVQ"," 155",NA,"0","73M 733"
"5T"," 1623","YFB","  55","YCY","  40",NA,"0","DH8"
"5T"," 1623","YFB","  55","YGT","5495",NA,"0","BE1 DH8"
"5T"," 1623","YFB","  55","YOW"," 100",NA,"0","73M"
"5T"," 1623","YFB","  55","YRT"," 132",NA,"0","73M"
"5T"," 1623","YFB","  55","YTE"," 140",NA,"0","BE1 DH8"
"5T"," 1623","YFB","  55","YUX"," 148",NA,"0","BE1 DH8"
"5T"," 1623","YFB","  55","YXP"," 170",NA,"0","DH8"
"5T"," 1623","YGT","5495","YFB","  55",NA,"0","DH8"
"5T"," 1623","YGT","5495","YIO","  75",NA,"0","DH8"
"5T"," 1623","YGT","5495","YUX"," 148",NA,"0","DH8 BE1"
"5T"," 1623","YHK","  69","YYH"," 183",NA,"0","DH8"
"5T"," 1623","YHK","  69","YZF"," 196",NA,"0","DH8"
"5T"," 1623","YIO","  75","YCY","  40",NA,"0","DH8"
"5T"," 1623","YIO","  75","YGT","5495",NA,"0","DH8"
"5T"," 1623","YOW"," 100","YFB","  55",NA,"0","73M"
"5T"," 1623","YRT"," 132","YBK","  29","Y","0","AT4"
"5T"," 1623","YRT"," 132","YCS","5487","Y","0","ATR AT4"
"5T"," 1623","YRT"," 132","YEK","  50",NA,"1","ATR"
"5T"," 1623","YRT"," 132","YFB","  55",NA,"0","73M"
"5T"," 1623","YRT"," 132","YUT"," 147","Y","0","AT4"
"5T"," 1623","YRT"," 132","YYQ"," 187","Y","0","ATR FRJ AT4"
"5T"," 1623","YRT"," 132","YZF"," 196",NA,"0","73M"
"5T"," 1623","YRT"," 132","YZS","  41","Y","0","ATR AT4"
"5T"," 1623","YTE"," 140","YFB","  55",NA,"0","BE1 DH8"
"5T"," 1623","YTH"," 141","YYQ"," 187","Y","0","ATR"
"5T"," 1623","YUX"," 148","YFB","  55",NA,"0","DH8 BE1"
"5T"," 1623","YUX"," 148","YGT","5495",NA,"0","BE1 DH8"
"5T"," 1623","YVM"," 152","YXP"," 170",NA,"0","DH8"
"5T"," 1623","YVQ"," 155","YEV","  54",NA,"0","73M 733"
"5T"," 1623","YVQ"," 155","YZF"," 196",NA,"0","73M 733"
"5T"," 1623","YWG"," 160","YRT"," 132","Y","0","FRJ ATR"
"5T"," 1623","YWG"," 160","YYQ"," 187","Y","0","FRJ"
"5T"," 1623","YXN","5534","YRT"," 132","Y","0","ATR AT4"
"5T"," 1623","YXP"," 170","YFB","  55",NA,"0","DH8"
"5T"," 1623","YXP"," 170","YVM"," 152",NA,"0","DH8"
"5T"," 1623","YYH"," 183","YCB","  32",NA,"0","DH8"
"5T"," 1623","YYH"," 183","YHK","  69",NA,"0","DH8"
"5T"," 1623","YYQ"," 187","YEK","  50","Y","0","ATR"
"5T"," 1623","YYQ"," 187","YRT"," 132","Y","0","ATR AT4 FRJ"
"5T"," 1623","YYQ"," 187","YTH"," 141","Y","0","AT4"
"5T"," 1623","YYQ"," 187","YWG"," 160","Y","0","ATR FRJ AT4"
"5T"," 1623","YZF"," 196","YCB","  32",NA,"0","DH8 73M"
"5T"," 1623","YZF"," 196","YCO","  37",NA,"0","DH8 73M"
"5T"," 1623","YZF"," 196","YEG","  49",NA,"0","73M 733"
"5T"," 1623","YZF"," 196","YHK","  69",NA,"0","DH8"
"5T"," 1623","YZF"," 196","YRT"," 132",NA,"0","73M"
"5T"," 1623","YZF"," 196","YVQ"," 155",NA,"0","73M 733"
"5T"," 1623","YZF"," 196","YYH"," 183",NA,"0","DH8"
"5T"," 1623","YZS","  41","YRT"," 132","Y","0","ATR"
"5T"," 1623","YZS","  41","YUT"," 147","Y","0","AT4"
"6L",NA,"YEV","  54","YHI","  68",NA,"0","DHT"
"6L",NA,"YEV","  54","YPC","4244",NA,"0","DHT"
"6L",NA,"YEV","  54","YSY"," 139",NA,"0","DHT"
"6L",NA,"YEV","  54","YUB"," 145",NA,"0","DHT"
"6L",NA,"YEV","  54","ZFM"," 206",NA,"0","DHT"
"6L",NA,"YHI","  68","YEV","  54",NA,"0","DHT"
"6L",NA,"YHI","  68","YSY"," 139",NA,"0","DHT"
"6L",NA,"YPC","4244","YEV","  54",NA,"0","DHT"
"6L",NA,"YSY"," 139","YEV","  54",NA,"0","DHT"
"6L",NA,"YSY"," 139","YHI","  68",NA,"0","DHT"
"6L",NA,"YUB"," 145","YEV","  54",NA,"0","DHT"
"6L",NA,"ZFM"," 206","YEV","  54",NA,"0","DHT"
"7F"," 2354","YAB","8225","YFB","  55",NA,"0","AT4"
"7F"," 2354","YAB","8225","YRB"," 128",NA,"0","AT4"
"7F"," 2354","YBK","  29","YRT"," 132",NA,"0","AT4"
"7F"," 2354","YBK","  29","YUT"," 147",NA,"0","AT4"
"7F"," 2354","YCB","  32","YCO","  37",NA,"0","AT7"
"7F"," 2354","YCB","  32","YHK","  69",NA,"0","AT7"
"7F"," 2354","YCB","  32","YZF"," 196",NA,"0","AT7 73M"
"7F"," 2354","YCO","  37","YCB","  32",NA,"0","AT7"
"7F"," 2354","YCO","  37","YHI","  68",NA,"0","AT7"
"7F"," 2354","YCO","  37","YZF"," 196",NA,"0","AT7"
"7F"," 2354","YCS","5487","YRT"," 132",NA,"0","AT4"
"7F"," 2354","YCS","5487","YZS","  41",NA,"0","AT4"
"7F"," 2354","YCY","  40","YFB","  55",NA,"0","AT4"
"7F"," 2354","YCY","  40","YIO","  75",NA,"0","AT4"
"7F"," 2354","YEG","  49","YZF"," 196",NA,"0","73M 737"
"7F"," 2354","YEK","  50","YRT"," 132",NA,"0","AT4"
"7F"," 2354","YEK","  50","YXN","5534",NA,"0","AT4"
"7F"," 2354","YEV","  54","YVQ"," 155",NA,"0","73M"
"7F"," 2354","YFB","  55","YAB","8225",NA,"0","AT4"
"7F"," 2354","YFB","  55","YCY","  40",NA,"0","AT4"
"7F"," 2354","YFB","  55","YGT","5495",NA,"0","AT4"
"7F"," 2354","YFB","  55","YLC","5509","Y","0","DHT"
"7F"," 2354","YFB","  55","YOW"," 100",NA,"0","73M"
"7F"," 2354","YFB","  55","YRT"," 132",NA,"0","73M"
"7F"," 2354","YFB","  55","YTE"," 140",NA,"0","AT4"
"7F"," 2354","YFB","  55","YUX"," 148",NA,"0","AT4"
"7F"," 2354","YFB","  55","YVP"," 154",NA,"0","73M"
"7F"," 2354","YFB","  55","YXP"," 170",NA,"0","AT4"
"7F"," 2354","YFS","  60","YZF"," 196",NA,"0","AT4 AT7"
"7F"," 2354","YGT","5495","YFB","  55",NA,"0","AT4"
"7F"," 2354","YGT","5495","YUX"," 148",NA,"0","AT4"
"7F"," 2354","YHI","  68","YCO","  37",NA,"0","AT7"
"7F"," 2354","YHK","  69","YCB","  32",NA,"0","AT7"
"7F"," 2354","YHK","  69","YYH"," 183",NA,"0","AT7"
"7F"," 2354","YHY","  72","YZF"," 196",NA,"0","AT4 AT7"
"7F"," 2354","YIO","  75","YCY","  40",NA,"0","AT4"
"7F"," 2354","YLC","5509","YFB","  55","Y","0","DHT"
"7F"," 2354","YOW"," 100","YFB","  55",NA,"0","73M"
"7F"," 2354","YRB"," 128","YAB","8225",NA,"0","AT4"
"7F"," 2354","YRT"," 132","YBK","  29",NA,"0","AT4"
"7F"," 2354","YRT"," 132","YCS","5487",NA,"0","AT4"
"7F"," 2354","YRT"," 132","YEK","  50",NA,"0","AT4"
"7F"," 2354","YRT"," 132","YFB","  55",NA,"0","73M"
"7F"," 2354","YRT"," 132","YWG"," 160",NA,"0","73M AT4"
"7F"," 2354","YRT"," 132","YXN","5534",NA,"0","AT4"
"7F"," 2354","YRT"," 132","YZF"," 196",NA,"0","73M"
"7F"," 2354","YTE"," 140","YFB","  55",NA,"0","AT4"
"7F"," 2354","YTE"," 140","YZS","  41",NA,"0","AT4"
"7F"," 2354","YUL"," 146","YVP"," 154",NA,"0","73M"
"7F"," 2354","YUT"," 147","YBK","  29",NA,"0","AT4"
"7F"," 2354","YUX"," 148","YFB","  55",NA,"0","AT4"
"7F"," 2354","YUX"," 148","YGT","5495",NA,"0","AT4"
"7F"," 2354","YVM"," 152","YXP"," 170",NA,"0","AT4"
"7F"," 2354","YVP"," 154","YFB","  55",NA,"0","73M"
"7F"," 2354","YVP"," 154","YUL"," 146",NA,"0","73M"
"7F"," 2354","YVQ"," 155","YEV","  54",NA,"0","73M"
"7F"," 2354","YVQ"," 155","YZF"," 196",NA,"0","73M"
"7F"," 2354","YWG"," 160","YRT"," 132",NA,"0","73M AT4"
"7F"," 2354","YXN","5534","YEK","  50",NA,"0","AT4"
"7F"," 2354","YXN","5534","YRT"," 132",NA,"0","AT4"
"7F"," 2354","YXP"," 170","YFB","  55",NA,"0","AT4"
"7F"," 2354","YXP"," 170","YVM"," 152",NA,"0","AT4"
"7F"," 2354","YYH"," 183","YHK","  69",NA,"0","AT7"
"7F"," 2354","YYH"," 183","YZF"," 196",NA,"0","AT7"
"7F"," 2354","YZF"," 196","YCB","  32",NA,"0","73M AT7"
"7F"," 2354","YZF"," 196","YCO","  37",NA,"0","AT7"
"7F"," 2354","YZF"," 196","YEG","  49",NA,"0","73M 737"
"7F"," 2354","YZF"," 196","YFS","  60",NA,"0","AT4 AT7"
"7F"," 2354","YZF"," 196","YHK","  69",NA,"0","AT7 AT4"
"7F"," 2354","YZF"," 196","YHY","  72",NA,"0","AT4 AT7"
"7F"," 2354","YZF"," 196","YRT"," 132",NA,"0","73M"
"7F"," 2354","YZF"," 196","YVQ"," 155",NA,"0","73M"
"7F"," 2354","YZS","  41","YCS","5487",NA,"0","AT4"
"7F"," 2354","YZS","  41","YTE"," 140",NA,"0","AT4"
"8P"," 3856","QBC","6738","YAA","5457",NA,"0","BE1"
"8P"," 3856","QBC","6738","YVR"," 156",NA,"0","BE1"
"8P"," 3856","YAA","5457","YVR"," 156",NA,"0","BE1"
"8P"," 3856","YBL","  30","YQQ"," 119",NA,"0","SF3 BE1"
"8P"," 3856","YBL","  30","YVR"," 156",NA,"0","BE1"
"8P"," 3856","YBL","  30","ZEL","7275",NA,"0","BE1"
"8P"," 3856","YLW","  87","YXC"," 164",NA,"0","BE1"
"8P"," 3856","YPW","5523","YVR"," 156",NA,"0","BE1 SF3"
"8P"," 3856","YQQ"," 119","YBL","  30",NA,"0","BE1 SF3"
"8P"," 3856","YQQ"," 119","YVR"," 156",NA,"0","SF3 BE1"
"8P"," 3856","YVR"," 156","QBC","6738",NA,"0","BE1"
"8P"," 3856","YVR"," 156","YBL","  30",NA,"0","BE1"
"8P"," 3856","YVR"," 156","YPW","5523",NA,"0","BE1 SF3"
"8P"," 3856","YVR"," 156","YQQ"," 119",NA,"0","BE1 SF3"
"8P"," 3856","YVR"," 156","YWL"," 162",NA,"0","BE1"
"8P"," 3856","YVR"," 156","YXC"," 164",NA,"0","BE1"
"8P"," 3856","YVR"," 156","YYJ"," 184",NA,"0","BE1"
"8P"," 3856","YVR"," 156","YZT"," 200",NA,"0","SF3 BE1"
"8P"," 3856","YVR"," 156","YZZ","8223",NA,"0","SF3 BE1"
"8P"," 3856","YVR"," 156","ZMT","5545",NA,"0","SF3"
"8P"," 3856","YWL"," 162","YVR"," 156",NA,"0","BE1"
"8P"," 3856","YXC"," 164","YLW","  87",NA,"0","BE1"
"8P"," 3856","YXC"," 164","YVR"," 156",NA,"0","BE1"
"8P"," 3856","YYJ"," 184","YVR"," 156",NA,"0","BE1"
"8P"," 3856","YZT"," 200","YVR"," 156",NA,"0","SF3 BE1"
"8P"," 3856","YZT"," 200","ZEL","7275",NA,"0","SF3"
"8P"," 3856","YZZ","8223","YVR"," 156",NA,"0","SF3 BE1"
"8P"," 3856","ZEL","7275","YBL","  30",NA,"0","BE1"
"8P"," 3856","ZEL","7275","YZT"," 200",NA,"0","SF3"
"8P"," 3856","ZMT","5545","YVR"," 156",NA,"0","SF3"
"8T","   68","YFJ","7277","YZF"," 196",NA,"0","DHT"
"8T","   68","YFS","  60","YZF"," 196",NA,"0","DHT"
"8T","   68","YLE","5463","YZF"," 196",NA,"0","DHT"
"8T","   68","YRA","5526","YZF"," 196",NA,"0","DHT"
"8T","   68","YSG","5511","YZF"," 196",NA,"0","DHT"
"8T","   68","YZF"," 196","YFJ","7277",NA,"0","DHT"
"8T","   68","YZF"," 196","YFS","  60",NA,"0","DHT"
"8T","   68","YZF"," 196","YLE","5463",NA,"0","DHT"
"8T","   68","YZF"," 196","YRA","5526",NA,"0","DHT"
"8T","   68","YZF"," 196","YSG","5511",NA,"0","DHT"
"9M",NA,"YBL","  30","YQQ"," 119",NA,"0","BEH"
"9M",NA,"YBL","  30","YVR"," 156",NA,"0","BEH"
"9M",NA,"YDQ","  48","YVR"," 156",NA,"0","DH1"
"9M",NA,"YDQ","  48","YYE"," 180",NA,"0","DH1"
"9M",NA,"YEG","  49","YOJ","  99",NA,"0","BEH"
"9M",NA,"YEG","  49","YOP","7266",NA,"0","BEH"
"9M",NA,"YEG","  49","YXJ"," 168",NA,"0","D38 DH3"
"9M",NA,"YEG","  49","YYC"," 178",NA,"0","BEH D38 DH3"
"9M",NA,"YKA","  78","YVR"," 156",NA,"0","BEH"
"9M",NA,"YKA","  78","YXS"," 172",NA,"0","BEH"
"9M",NA,"YLL","  85","YYC"," 178",NA,"0","BEH"
"9M",NA,"YLW","  87","YXS"," 172",NA,"0","BEH"
"9M",NA,"YOJ","  99","YEG","  49",NA,"0","BEH"
"9M",NA,"YOJ","  99","YOP","7266",NA,"0","BEH"
"9M",NA,"YOP","7266","YEG","  49",NA,"0","BEH"
"9M",NA,"YOP","7266","YOJ","  99",NA,"0","BEH"
"9M",NA,"YQQ"," 119","YBL","  30",NA,"0","BEH"
"9M",NA,"YQQ"," 119","YVR"," 156",NA,"0","BEH"
"9M",NA,"YQZ"," 127","YVR"," 156",NA,"0","BEH"
"9M",NA,"YQZ"," 127","YWL"," 162",NA,"0","BEH"
"9M",NA,"YVR"," 156","YBL","  30",NA,"0","BEH"
"9M",NA,"YVR"," 156","YDQ","  48",NA,"0","DH1"
"9M",NA,"YVR"," 156","YKA","  78",NA,"0","BEH"
"9M",NA,"YVR"," 156","YQQ"," 119",NA,"0","BEH"
"9M",NA,"YVR"," 156","YQZ"," 127",NA,"0","BEH"
"9M",NA,"YVR"," 156","YWL"," 162",NA,"0","BEH"
"9M",NA,"YWL"," 162","YQZ"," 127",NA,"0","BEH"
"9M",NA,"YWL"," 162","YVR"," 156",NA,"0","BEH"
"9M",NA,"YXJ"," 168","YEG","  49",NA,"0","D38 DH3"
"9M",NA,"YXJ"," 168","YXS"," 172",NA,"0","BEH"
"9M",NA,"YXJ"," 168","YYE"," 180",NA,"0","D38 BEH DH3"
"9M",NA,"YXS"," 172","YKA","  78",NA,"0","BEH"
"9M",NA,"YXS"," 172","YLW","  87",NA,"0","BEH"
"9M",NA,"YXS"," 172","YXJ"," 168",NA,"0","BEH"
"9M",NA,"YXS"," 172","YXT"," 173",NA,"0","DH3"
"9M",NA,"YXS"," 172","YYC"," 178",NA,"0","DH3"
"9M",NA,"YXS"," 172","YYD"," 179",NA,"0","BEH"
"9M",NA,"YXS"," 172","YYE"," 180",NA,"0","BEH"
"9M",NA,"YXT"," 173","YXS"," 172",NA,"0","DH3"
"9M",NA,"YYC"," 178","YEG","  49",NA,"0","D38 BEH DH3"
"9M",NA,"YYC"," 178","YLL","  85",NA,"0","BEH D38"
"9M",NA,"YYC"," 178","YXS"," 172",NA,"0","DH3"
"9M",NA,"YYD"," 179","YXS"," 172",NA,"0","BEH"
"9M",NA,"YYE"," 180","YDQ","  48",NA,"0","DH1"
"9M",NA,"YYE"," 180","YXJ"," 168",NA,"0","D38 BEH DH3"
"9M",NA,"YYE"," 180","YXS"," 172",NA,"0","BEH"
"AC","  330","YAM","  21","YYZ"," 193","Y","0","DH1"
"AC","  330","YBC","  27","YUL"," 146","Y","0","DH1"
"AC","  330","YBC","  27","YYY"," 192","Y","0","DH1"
"AC","  330","YBG","  28","YUL"," 146","Y","0","DH1"
"AC","  330","YBL","  30","YQQ"," 119","Y","0","BEH"
"AC","  330","YCD","  33","YVR"," 156","Y","0","DH3"
"AC","  330","YCG","  34","YVR"," 156","Y","0","DH3"
"AC","  330","YCG","  34","YYC"," 178","Y","0","DH3"
"AC","  330","YDF","  45","YHZ","  73","Y","0","CRJ DH1"
"AC","  330","YDF","  45","YYR"," 188","Y","0","BEH"
"AC","  330","YDF","  45","YYT"," 189","Y","0","BEH"
"AC","  330","YDF","  45","YYZ"," 193",NA,"0","E90"
"AC","  330","YEG","  49","YMM","  90","Y","0","DH4"
"AC","  330","YEG","  49","YOW"," 100",NA,"0","E90"
"AC","  330","YEG","  49","YQR"," 120","Y","0","DH3"
"AC","  330","YEG","  49","YQU"," 122","Y","0","DH3"
"AC","  330","YEG","  49","YUL"," 146",NA,"0","320"
"AC","  330","YEG","  49","YVR"," 156",NA,"0","E90 320 319"
"AC","  330","YEG","  49","YWG"," 160","Y","0","CRJ"
"AC","  330","YEG","  49","YXE"," 166","Y","0","DH3"
"AC","  330","YEG","  49","YYC"," 178","Y","0","DH4 CRJ DH3"
"AC","  330","YEG","  49","YYZ"," 193",NA,"0","320 319 E90"
"AC","  330","YEG","  49","YZF"," 196","Y","0","CRJ"
"AC","  330","YFC","  56","YHZ","  73",NA,"0","BEH"
"AC","  330","YFC","  56","YOW"," 100","Y","0","DH1"
"AC","  330","YFC","  56","YUL"," 146","Y","0","DH1 DH4"
"AC","  330","YFC","  56","YYZ"," 193","Y","0","DH4"
"AC","  330","YGK","  61","YYZ"," 193","Y","0","BEH"
"AC","  330","YGP","  63","YGR","  65","Y","0","DH3 DH1"
"AC","  330","YGP","  63","YQB"," 111","Y","0","DH1 DH3"
"AC","  330","YGR","  65","YGP","  63","Y","0","DH1 DH3"
"AC","  330","YHZ","  73","YDF","  45","Y","0","DH1 CRJ"
"AC","  330","YHZ","  73","YFC","  56",NA,"0","BEH"
"AC","  330","YHZ","  73","YOW"," 100",NA,"0","E90"
"AC","  330","YHZ","  73","YQM"," 117",NA,"0","BEH"
"AC","  330","YHZ","  73","YQX"," 125","Y","0","CRJ CRA"
"AC","  330","YHZ","  73","YQY"," 126","Y","0","DH1"
"AC","  330","YHZ","  73","YSJ"," 135",NA,"0","BEH"
"AC","  330","YHZ","  73","YUL"," 146",NA,"0","320 E90 319 E75"
"AC","  330","YHZ","  73","YYG"," 182",NA,"0","BEH"
"AC","  330","YHZ","  73","YYR"," 188","Y","0","CRJ"
"AC","  330","YHZ","  73","YYT"," 189",NA,"0","E90"
"AC","  330","YHZ","  73","YYZ"," 193",NA,"0","E90 320 763 319"
"AC","  330","YKA","  78","YVR"," 156","Y","0","DH3"
"AC","  330","YKA","  78","YYC"," 178","Y","0","DH3"
"AC","  330","YLW","  87","YVR"," 156","Y","0","DH3 CRJ"
"AC","  330","YLW","  87","YYC"," 178","Y","0","DH3 CRJ"
"AC","  330","YMM","  90","YEG","  49","Y","0","DH4"
"AC","  330","YMM","  90","YVR"," 156","Y","0","CRJ"
"AC","  330","YMM","  90","YYC"," 178","Y","0","CRA DH4 CRJ"
"AC","  330","YMM","  90","YYZ"," 193",NA,"0","E90 320 319"
"AC","  330","YOW"," 100","YEG","  49",NA,"0","E90 320"
"AC","  330","YOW"," 100","YFC","  56","Y","0","DH1"
"AC","  330","YOW"," 100","YHZ","  73",NA,"0","E90"
"AC","  330","YOW"," 100","YQB"," 111","Y","0","DH1"
"AC","  330","YOW"," 100","YQM"," 117","Y","0","CRJ"
"AC","  330","YOW"," 100","YUL"," 146",NA,"0","E90"
"AC","  330","YOW"," 100","YVR"," 156",NA,"0","320 763"
"AC","  330","YOW"," 100","YWG"," 160","Y","0","CRA"
"AC","  330","YOW"," 100","YXU"," 174","Y","0","DH1"
"AC","  330","YOW"," 100","YYC"," 178",NA,"0","E90 320"
"AC","  330","YOW"," 100","YYT"," 189","Y","0","CRA"
"AC","  330","YOW"," 100","YYZ"," 193",NA,"0","320 319 E90 763 E75"
"AC","  330","YPR"," 108","YVR"," 156","Y","0","DH3"
"AC","  330","YQB"," 111","YGP","  63","Y","0","DH3 DH1"
"AC","  330","YQB"," 111","YOW"," 100","Y","0","DH1"
"AC","  330","YQB"," 111","YUL"," 146","Y","0","DH4 DH1 DH3"
"AC","  330","YQB"," 111","YYZ"," 193","Y","0","DH4"
"AC","  330","YQB"," 111","YZV"," 202","Y","0","DH1"
"AC","  330","YQF"," 112","YYC"," 178",NA,"0","BEH"
"AC","  330","YQG"," 113","YYZ"," 193",NA,"0","319"
"AC","  330","YQL"," 116","YYC"," 178","Y","0","BEH"
"AC","  330","YQM"," 117","YHZ","  73",NA,"0","BEH"
"AC","  330","YQM"," 117","YOW"," 100","Y","0","CRJ"
"AC","  330","YQM"," 117","YUL"," 146","Y","0","DH4"
"AC","  330","YQM"," 117","YYZ"," 193","Y","0","DH4 CRJ"
"AC","  330","YQQ"," 119","YVR"," 156","Y","0","BEH"
"AC","  330","YQR"," 120","YEG","  49","Y","0","DH3"
"AC","  330","YQR"," 120","YVR"," 156","Y","0","CRJ"
"AC","  330","YQR"," 120","YWG"," 160","Y","0","CRJ"
"AC","  330","YQR"," 120","YYC"," 178","Y","0","DH4"
"AC","  330","YQR"," 120","YYZ"," 193",NA,"0","E90"
"AC","  330","YQT"," 121","YWG"," 160","Y","0","CRJ"
"AC","  330","YQT"," 121","YYZ"," 193","Y","0","CRJ DH4"
"AC","  330","YQU"," 122","YEG","  49","Y","0","DH3"
"AC","  330","YQU"," 122","YYC"," 178","Y","0","DH3 DH4"
"AC","  330","YQX"," 125","YHZ","  73","Y","0","CRA CRJ"
"AC","  330","YQX"," 125","YYR"," 188","Y","0","BEH"
"AC","  330","YQX"," 125","YYT"," 189","Y","0","BEH"
"AC","  330","YQY"," 126","YHZ","  73","Y","0","DH1"
"AC","  330","YQY"," 126","YYZ"," 193","Y","0","CRJ"
"AC","  330","YQZ"," 127","YVR"," 156","Y","0","BEH"
"AC","  330","YQZ"," 127","YWL"," 162",NA,"0","BEH"
"AC","  330","YSB"," 133","YYZ"," 193","Y","0","DH1"
"AC","  330","YSJ"," 135","YHZ","  73",NA,"0","BEH"
"AC","  330","YSJ"," 135","YUL"," 146","Y","0","DH1"
"AC","  330","YSJ"," 135","YYZ"," 193","Y","0","DH4"
"AC","  330","YTS"," 143","YYZ"," 193","Y","0","DH1"
"AC","  330","YTZ"," 144","YUL"," 146","Y","0","DH4"
"AC","  330","YUL"," 146","YBC","  27","Y","0","DH1"
"AC","  330","YUL"," 146","YBG","  28","Y","0","DH1"
"AC","  330","YUL"," 146","YEG","  49",NA,"0","320"
"AC","  330","YUL"," 146","YFC","  56","Y","0","DH4 DH1"
"AC","  330","YUL"," 146","YHZ","  73",NA,"0","320 E90 E75 319"
"AC","  330","YUL"," 146","YOW"," 100",NA,"0","E90 320"
"AC","  330","YUL"," 146","YQB"," 111","Y","0","DH3 DH1 DH4"
"AC","  330","YUL"," 146","YQM"," 117","Y","0","DH4"
"AC","  330","YUL"," 146","YSJ"," 135","Y","0","DH1"
"AC","  330","YUL"," 146","YTZ"," 144","Y","0","DH4"
"AC","  330","YUL"," 146","YUY"," 149","Y","0","DH1"
"AC","  330","YUL"," 146","YVO"," 153","Y","0","DH1"
"AC","  330","YUL"," 146","YVR"," 156",NA,"0","321 320 333 319"
"AC","  330","YUL"," 146","YWG"," 160","Y","0","CRA"
"AC","  330","YUL"," 146","YYC"," 178",NA,"0","E90 319 320"
"AC","  330","YUL"," 146","YYG"," 182","Y","0","DH4"
"AC","  330","YUL"," 146","YYT"," 189",NA,"0","E90"
"AC","  330","YUL"," 146","YYY"," 192","Y","0","DH1"
"AC","  330","YUL"," 146","YYZ"," 193",NA,"0","321 320 319 333 763 E75"
"AC","  330","YUL"," 146","YZV"," 202","Y","0","DH1"
"AC","  330","YUL"," 146","ZBF","5538","Y","0","DH3 DH1"
"AC","  330","YUY"," 149","YUL"," 146","Y","0","DH1"
"AC","  330","YUY"," 149","YVO"," 153","Y","0","DH1"
"AC","  330","YVO"," 153","YUL"," 146","Y","0","DH1"
"AC","  330","YVO"," 153","YUY"," 149","Y","0","DH1"
"AC","  330","YVR"," 156","YBL","  30",NA,"1","BEH"
"AC","  330","YVR"," 156","YCD","  33","Y","0","DH3"
"AC","  330","YVR"," 156","YCG","  34","Y","0","DH3"
"AC","  330","YVR"," 156","YEG","  49",NA,"0","E90 320"
"AC","  330","YVR"," 156","YKA","  78","Y","0","DH3"
"AC","  330","YVR"," 156","YLW","  87","Y","0","DH3 CRJ"
"AC","  330","YVR"," 156","YMM","  90","Y","0","CRJ"
"AC","  330","YVR"," 156","YOW"," 100",NA,"0","320 763"
"AC","  330","YVR"," 156","YPR"," 108","Y","0","DH3"
"AC","  330","YVR"," 156","YQR"," 120","Y","0","CRJ"
"AC","  330","YVR"," 156","YQZ"," 127",NA,"0","BEH"
"AC","  330","YVR"," 156","YUL"," 146",NA,"0","333 320 321"
"AC","  330","YVR"," 156","YWG"," 160",NA,"0","E90"
"AC","  330","YVR"," 156","YWL"," 162","Y","0","BEH"
"AC","  330","YVR"," 156","YXC"," 164","Y","0","DH3"
"AC","  330","YVR"," 156","YXE"," 166","Y","0","CRJ"
"AC","  330","YVR"," 156","YXJ"," 168","Y","0","DH4"
"AC","  330","YVR"," 156","YXS"," 172","Y","0","DH4"
"AC","  330","YVR"," 156","YXT"," 173","Y","0","DH3"
"AC","  330","YVR"," 156","YXY"," 176",NA,"0","E90"
"AC","  330","YVR"," 156","YYC"," 178",NA,"0","E90 319 320"
"AC","  330","YVR"," 156","YYD"," 179","Y","0","DH3"
"AC","  330","YVR"," 156","YYF"," 181","Y","0","DH3"
"AC","  330","YVR"," 156","YYJ"," 184","Y","0","DH3 DH4"
"AC","  330","YVR"," 156","YYZ"," 193",NA,"0","320 319 77L 321 77W 763"
"AC","  330","YVR"," 156","YZP"," 198","Y","0","DH3"
"AC","  330","YWG"," 160","YEG","  49","Y","0","CRJ"
"AC","  330","YWG"," 160","YOW"," 100","Y","0","CRA"
"AC","  330","YWG"," 160","YQR"," 120","Y","0","CRJ"
"AC","  330","YWG"," 160","YQT"," 121","Y","0","CRJ"
"AC","  330","YWG"," 160","YUL"," 146","Y","0","CRA"
"AC","  330","YWG"," 160","YVR"," 156",NA,"0","E90 320"
"AC","  330","YWG"," 160","YXE"," 166","Y","0","CRJ"
"AC","  330","YWG"," 160","YYC"," 178","Y","0","CRA"
"AC","  330","YWG"," 160","YYZ"," 193",NA,"0","E90 320 319"
"AC","  330","YWK"," 161","YYR"," 188","Y","0","BEH"
"AC","  330","YWK"," 161","YZV"," 202","Y","0","DH1"
"AC","  330","YWL"," 162","YQZ"," 127","Y","0","BEH"
"AC","  330","YWL"," 162","YVR"," 156",NA,"0","BEH"
"AC","  330","YXC"," 164","YVR"," 156","Y","0","DH3"
"AC","  330","YXC"," 164","YYC"," 178","Y","0","BEH"
"AC","  330","YXE"," 166","YEG","  49","Y","0","DH3"
"AC","  330","YXE"," 166","YVR"," 156","Y","0","CRJ"
"AC","  330","YXE"," 166","YWG"," 160","Y","0","CRJ"
"AC","  330","YXE"," 166","YYC"," 178","Y","0","DH4"
"AC","  330","YXE"," 166","YYZ"," 193",NA,"0","E90"
"AC","  330","YXH"," 167","YYC"," 178","Y","0","BEH"
"AC","  330","YXJ"," 168","YVR"," 156","Y","0","DH4"
"AC","  330","YXS"," 172","YVR"," 156","Y","0","DH4"
"AC","  330","YXT"," 173","YVR"," 156","Y","0","DH3"
"AC","  330","YXU"," 174","YOW"," 100","Y","0","DH1"
"AC","  330","YXU"," 174","YYZ"," 193","Y","0","DH1 DH4"
"AC","  330","YXY"," 176","YVR"," 156",NA,"0","E90"
"AC","  330","YYB"," 177","YYZ"," 193","Y","0","DH1"
"AC","  330","YYC"," 178","YCG","  34","Y","0","DH3"
"AC","  330","YYC"," 178","YEG","  49","Y","0","DH3 CRJ DH4"
"AC","  330","YYC"," 178","YKA","  78","Y","0","DH3"
"AC","  330","YYC"," 178","YLW","  87","Y","0","DH3 CRJ"
"AC","  330","YYC"," 178","YMM","  90","Y","0","DH4 CRJ CRA"
"AC","  330","YYC"," 178","YOW"," 100",NA,"0","E90 320"
"AC","  330","YYC"," 178","YQF"," 112",NA,"0","BEH"
"AC","  330","YYC"," 178","YQL"," 116","Y","0","BEH"
"AC","  330","YYC"," 178","YQR"," 120","Y","0","DH4"
"AC","  330","YYC"," 178","YQU"," 122","Y","0","DH3 DH4"
"AC","  330","YYC"," 178","YUL"," 146",NA,"0","E90 319 320"
"AC","  330","YYC"," 178","YVR"," 156",NA,"0","E90 320 319 321"
"AC","  330","YYC"," 178","YWG"," 160","Y","0","CRA"
"AC","  330","YYC"," 178","YXC"," 164","Y","0","BEH"
"AC","  330","YYC"," 178","YXE"," 166","Y","0","DH4"
"AC","  330","YYC"," 178","YXH"," 167","Y","0","BEH"
"AC","  330","YYC"," 178","YYJ"," 184","Y","0","DH4"
"AC","  330","YYC"," 178","YYZ"," 193",NA,"0","321 320 319 E90"
"AC","  330","YYC"," 178","YZF"," 196","Y","0","CRJ"
"AC","  330","YYD"," 179","YVR"," 156","Y","0","DH3"
"AC","  330","YYF"," 181","YVR"," 156","Y","0","DH3"
"AC","  330","YYG"," 182","YHZ","  73",NA,"0","BEH"
"AC","  330","YYG"," 182","YUL"," 146","Y","0","DH4"
"AC","  330","YYG"," 182","YYZ"," 193","Y","0","CRJ"
"AC","  330","YYJ"," 184","YVR"," 156","Y","0","DH3 DH4"
"AC","  330","YYJ"," 184","YYC"," 178","Y","0","DH4"
"AC","  330","YYJ"," 184","YYZ"," 193",NA,"0","320"
"AC","  330","YYR"," 188","YDF","  45","Y","0","BEH"
"AC","  330","YYR"," 188","YHZ","  73","Y","0","CRJ"
"AC","  330","YYR"," 188","YQX"," 125","Y","0","BEH"
"AC","  330","YYR"," 188","YWK"," 161","Y","0","BEH"
"AC","  330","YYR"," 188","YYT"," 189","Y","0","CRJ"
"AC","  330","YYT"," 189","YDF","  45","Y","0","BEH"
"AC","  330","YYT"," 189","YHZ","  73",NA,"0","E90"
"AC","  330","YYT"," 189","YOW"," 100","Y","0","CRA"
"AC","  330","YYT"," 189","YQX"," 125","Y","0","BEH"
"AC","  330","YYT"," 189","YUL"," 146",NA,"0","E90 319 320"
"AC","  330","YYT"," 189","YYR"," 188","Y","0","CRJ"
"AC","  330","YYT"," 189","YYZ"," 193",NA,"0","320 319 E90"
"AC","  330","YYY"," 192","YBC","  27","Y","0","DH1"
"AC","  330","YYY"," 192","YUL"," 146","Y","0","DH1"
"AC","  330","YYZ"," 193","YAM","  21","Y","0","DH1"
"AC","  330","YYZ"," 193","YDF","  45",NA,"0","E90"
"AC","  330","YYZ"," 193","YEG","  49",NA,"0","320 319 E90"
"AC","  330","YYZ"," 193","YFC","  56","Y","0","DH4"
"AC","  330","YYZ"," 193","YGK","  61","Y","0","BEH"
"AC","  330","YYZ"," 193","YHZ","  73",NA,"0","320 E90 319 763"
"AC","  330","YYZ"," 193","YMM","  90",NA,"0","E90 320 319"
"AC","  330","YYZ"," 193","YOW"," 100",NA,"0","E90 319 320 763 E75"
"AC","  330","YYZ"," 193","YQB"," 111","Y","0","DH4"
"AC","  330","YYZ"," 193","YQG"," 113",NA,"0","319"
"AC","  330","YYZ"," 193","YQM"," 117","Y","0","DH4 CRJ"
"AC","  330","YYZ"," 193","YQR"," 120",NA,"0","E90"
"AC","  330","YYZ"," 193","YQT"," 121","Y","0","DH4 CRJ"
"AC","  330","YYZ"," 193","YQY"," 126","Y","0","CRJ"
"AC","  330","YYZ"," 193","YSB"," 133","Y","0","DH1"
"AC","  330","YYZ"," 193","YSJ"," 135","Y","0","DH4"
"AC","  330","YYZ"," 193","YTS"," 143","Y","0","DH1"
"AC","  330","YYZ"," 193","YUL"," 146",NA,"0","319 321 320 E90 333 763 E75"
"AC","  330","YYZ"," 193","YVR"," 156",NA,"0","321 320 77W 763 77L 319 333"
"AC","  330","YYZ"," 193","YWG"," 160",NA,"0","320 E90 319"
"AC","  330","YYZ"," 193","YXE"," 166",NA,"0","E90"
"AC","  330","YYZ"," 193","YXU"," 174","Y","0","DH1 DH4"
"AC","  330","YYZ"," 193","YYB"," 177","Y","0","DH1"
"AC","  330","YYZ"," 193","YYC"," 178",NA,"0","320 321 319"
"AC","  330","YYZ"," 193","YYG"," 182","Y","0","CRJ"
"AC","  330","YYZ"," 193","YYJ"," 184",NA,"0","320"
"AC","  330","YYZ"," 193","YYT"," 189",NA,"0","320 E90 319"
"AC","  330","YYZ"," 193","YZR"," 199","Y","0","BEH"
"AC","  330","YZF"," 196","YEG","  49","Y","0","CRJ"
"AC","  330","YZF"," 196","YYC"," 178","Y","0","CRJ"
"AC","  330","YZP"," 198","YVR"," 156","Y","0","DH3"
"AC","  330","YZR"," 199","YYZ"," 193","Y","0","BEH"
"AC","  330","YZV"," 202","YQB"," 111","Y","0","DH1"
"AC","  330","YZV"," 202","YUL"," 146","Y","0","DH1"
"AC","  330","YZV"," 202","YWK"," 161","Y","0","DH1"
"AC","  330","ZBF","5538","YUL"," 146","Y","0","DH3 DH1"
"BH"," 2692","YPR"," 108","YVR"," 156",NA,"0","DH1"
"BH"," 2692","YVR"," 156","YPR"," 108",NA,"0","DH1"
"BH"," 2692","YVR"," 156","YXT"," 173",NA,"0","DH1"
"BH"," 2692","YVR"," 156","YYD"," 179",NA,"0","DH1"
"BH"," 2692","YXT"," 173","YVR"," 156",NA,"0","DH1"
"BH"," 2692","YXT"," 173","YYD"," 179",NA,"0","DH1"
"BH"," 2692","YYD"," 179","YVR"," 156",NA,"0","DH1"
"BH"," 2692","YYD"," 179","YXT"," 173",NA,"0","DH1"
"HW"," 2748","YEV","  54","YGH","4239",NA,"0","DHT"
"HW"," 2748","YGH","4239","YEV","  54",NA,"0","DHT"
"HW"," 2748","YGH","4239","YVQ"," 155",NA,"0","DHT"
"HW"," 2748","YVQ"," 155","YGH","4239",NA,"0","DHT"
"HW"," 2748","YVQ"," 155","ZFN","4238",NA,"0","DHT"
"HW"," 2748","YWJ","4237","YZF"," 196",NA,"0","DHT"
"HW"," 2748","YWJ","4237","ZFN","4238",NA,"0","DHT"
"HW"," 2748","YZF"," 196","YWJ","4237",NA,"0","DHT"
"HW"," 2748","ZFN","4238","YVQ"," 155",NA,"0","DHT"
"HW"," 2748","ZFN","4238","YWJ","4237",NA,"0","DHT"
"J3"," 3734","YEG","  49","YHY","  72",NA,"0","J31"
"J3"," 3734","YEG","  49","YMM","  90",NA,"0","J31"
"J3"," 3734","YEG","  49","YSM"," 136",NA,"0","J31"
"J3"," 3734","YHY","  72","YEG","  49",NA,"0","J31"
"J3"," 3734","YHY","  72","YSM"," 136",NA,"0","J31"
"J3"," 3734","YLW","  87","YQF"," 112",NA,"0","J31"
"J3"," 3734","YMM","  90","YEG","  49",NA,"0","J31"
"J3"," 3734","YMM","  90","YPY"," 109",NA,"0","J31"
"J3"," 3734","YMM","  90","YQF"," 112",NA,"0","J31"
"J3"," 3734","YPY"," 109","YMM","  90",NA,"0","J31"
"J3"," 3734","YPY"," 109","YSM"," 136",NA,"0","J31"
"J3"," 3734","YQF"," 112","YLW","  87",NA,"0","J31"
"J3"," 3734","YQF"," 112","YMM","  90",NA,"0","J31"
"J3"," 3734","YSM"," 136","YEG","  49",NA,"0","J31"
"J3"," 3734","YSM"," 136","YHY","  72",NA,"0","J31"
"J3"," 3734","YSM"," 136","YPY"," 109",NA,"0","J31"
"J3"," 3734","YSM"," 136","YZF"," 196",NA,"0","J31"
"J3"," 3734","YZF"," 196","YSM"," 136",NA,"0","J31"
"JB"," 2731","CXH","5500","YWH","4106",NA,"0","S76"
"JB"," 2731","YWH","4106","CXH","5500",NA,"0","S76"
"JL"," 2987","YEG","  49","YVR"," 156","Y","0","73W"
"JL"," 2987","YEG","  49","YZF"," 196","Y","0","73W"
"JL"," 2987","YVR"," 156","YEG","  49","Y","0","73W"
"JL"," 2987","YZF"," 196","YEG","  49","Y","0","73W"
"JV"," 1434","YAG","5479","YQK"," 115",NA,"0","SWM"
"JV"," 1434","YAG","5479","YQT"," 121",NA,"0","SWM"
"JV"," 1434","YAM","  21","YQT"," 121",NA,"0","SWM"
"JV"," 1434","YAM","  21","YSB"," 133",NA,"0","SWM"
"JV"," 1434","YFO","  58","YQD","5524",NA,"0","SWM"
"JV"," 1434","YHD","  67","YQK"," 115",NA,"0","SWM"
"JV"," 1434","YHD","  67","YQT"," 121",NA,"0","SWM"
"JV"," 1434","YHD","  67","YRL","5527",NA,"0","SWM"
"JV"," 1434","YHD","  67","YXL"," 169",NA,"0","SWM"
"JV"," 1434","YQD","5524","YFO","  58",NA,"0","SWM"
"JV"," 1434","YQD","5524","YWG"," 160",NA,"0","SWM"
"JV"," 1434","YQK"," 115","YAG","5479",NA,"0","SWM"
"JV"," 1434","YQK"," 115","YHD","  67",NA,"0","SWM"
"JV"," 1434","YQK"," 115","YWG"," 160",NA,"0","SWM"
"JV"," 1434","YQT"," 121","YAG","5479",NA,"0","SWM"
"JV"," 1434","YQT"," 121","YAM","  21",NA,"0","SWM"
"JV"," 1434","YQT"," 121","YTS"," 143",NA,"0","SWM"
"JV"," 1434","YQT"," 121","YWG"," 160",NA,"0","SWM"
"JV"," 1434","YQT"," 121","YXL"," 169",NA,"0","SWM"
"JV"," 1434","YRL","5527","YHD","  67",NA,"0","SWM"
"JV"," 1434","YRL","5527","YWG"," 160",NA,"0","SWM"
"JV"," 1434","YRL","5527","YXL"," 169",NA,"0","SWM"
"JV"," 1434","YSB"," 133","YAM","  21",NA,"0","SWM"
"JV"," 1434","YSB"," 133","YQT"," 121",NA,"0","SWM"
"JV"," 1434","YSB"," 133","YTS"," 143",NA,"0","SWM"
"JV"," 1434","YSB"," 133","YYB"," 177",NA,"0","SWM"
"JV"," 1434","YTS"," 143","YSB"," 133",NA,"0","SWM"
"JV"," 1434","YTS"," 143","YYU"," 190",NA,"0","SWM"
"JV"," 1434","YWG"," 160","YFO","  58",NA,"0","SWM"
"JV"," 1434","YWG"," 160","YQD","5524",NA,"0","SWM"
"JV"," 1434","YWG"," 160","YQK"," 115",NA,"0","SWM"
"JV"," 1434","YWG"," 160","YRL","5527",NA,"0","SWM"
"JV"," 1434","YXL"," 169","YAG","5479",NA,"0","SWM"
"JV"," 1434","YXL"," 169","YHD","  67",NA,"0","SWM"
"JV"," 1434","YXL"," 169","YQT"," 121",NA,"0","SWM"
"JV"," 1434","YXL"," 169","YRL","5527",NA,"0","SWM"
"JV"," 1434","YYB"," 177","YSB"," 133",NA,"0","SWM"
"JV"," 1434","YYU"," 190","YQT"," 121",NA,"0","SWM"
"JV"," 1434","YYU"," 190","YTS"," 143",NA,"0","SWM"
"KL"," 3090","YEG","  49","YMM","  90","Y","0","73W"
"KL"," 3090","YEG","  49","YWG"," 160","Y","0","737"
"KL"," 3090","YHZ","  73","YYT"," 189","Y","0","73W"
"KL"," 3090","YHZ","  73","YYZ"," 193","Y","0","73W"
"KL"," 3090","YOW"," 100","YYZ"," 193","Y","0","737"
"KL"," 3090","YWG"," 160","YEG","  49","Y","0","73W"
"KL"," 3090","YWG"," 160","YUL"," 146","Y","0","73W"
"KL"," 3090","YYC"," 178","YEG","  49","Y","0","737"
"KL"," 3090","YYC"," 178","YYZ"," 193","Y","0","737"
"KL"," 3090","YYT"," 189","YHZ","  73","Y","0","737"
"KL"," 3090","YYZ"," 193","YHZ","  73","Y","0","737"
"KL"," 3090","YYZ"," 193","YQR"," 120","Y","0","73W"
"KL"," 3090","YYZ"," 193","YUL"," 146","Y","0","73W"
"KL"," 3090","YYZ"," 193","YWG"," 160","Y","0","737"
"LH"," 3320","YUL"," 146","YYZ"," 193","Y","0","333"
"LH"," 3320","YYZ"," 193","YUL"," 146","Y","0","333"
"LX"," 4559","YUL"," 146","YYZ"," 193","Y","0","333"
"LX"," 4559","YYZ"," 193","YUL"," 146","Y","0","333"
"MO","  502","YBK","  29","YCS","5487",NA,"0","AT4"
"MO","  502","YBK","  29","YRT"," 132",NA,"0","AT4"
"MO","  502","YCS","5487","YBK","  29",NA,"0","AT4"
"MO","  502","YCS","5487","YRT"," 132",NA,"0","AT4"
"MO","  502","YEK","  50","YRT"," 132",NA,"0","AT4"
"MO","  502","YEK","  50","YXN","5534",NA,"0","AT4"
"MO","  502","YEK","  50","YYQ"," 187",NA,"0","AT4"
"MO","  502","YFB","  55","YRT"," 132","Y","0","73M"
"MO","  502","YFO","  58","YQD","5524",NA,"0","AT4"
"MO","  502","YFO","  58","YTH"," 141",NA,"0","FRJ"
"MO","  502","YFO","  58","YWG"," 160",NA,"0","AT4 FRJ"
"MO","  502","YGX","5497","YTH"," 141",NA,"0","AT4"
"MO","  502","YGX","5497","YWG"," 160",NA,"0","AT4"
"MO","  502","YOW"," 100","YFB","  55","Y","0","73M"
"MO","  502","YQD","5524","YFO","  58",NA,"0","AT4"
"MO","  502","YQD","5524","YTH"," 141",NA,"0","FRJ"
"MO","  502","YQD","5524","YWG"," 160",NA,"0","AT4 FRJ"
"MO","  502","YRT"," 132","YBK","  29",NA,"0","AT4"
"MO","  502","YRT"," 132","YCS","5487",NA,"0","AT4"
"MO","  502","YRT"," 132","YEK","  50",NA,"0","AT4"
"MO","  502","YRT"," 132","YTH"," 141",NA,"0","AT4"
"MO","  502","YRT"," 132","YUT"," 147",NA,"0","AT4"
"MO","  502","YRT"," 132","YWG"," 160",NA,"0","FRJ"
"MO","  502","YRT"," 132","YXN","5534",NA,"0","AT4"
"MO","  502","YRT"," 132","YYQ"," 187",NA,"0","AT4 FRJ"
"MO","  502","YRT"," 132","YZF"," 196","Y","0","73M"
"MO","  502","YRT"," 132","YZS","  41",NA,"0","AT4"
"MO","  502","YSK","5529","YWG"," 160",NA,"0","AT4"
"MO","  502","YTH"," 141","YFO","  58",NA,"0","FRJ"
"MO","  502","YTH"," 141","YGX","5497",NA,"0","AT4"
"MO","  502","YTH"," 141","YQD","5524",NA,"0","FRJ"
"MO","  502","YTH"," 141","YWG"," 160",NA,"0","FRJ AT4"
"MO","  502","YTH"," 141","YYQ"," 187",NA,"0","AT4"
"MO","  502","YUT"," 147","YRT"," 132",NA,"0","AT4"
"MO","  502","YUT"," 147","YZS","  41",NA,"0","AT4"
"MO","  502","YWG"," 160","YFO","  58",NA,"0","FRJ AT4"
"MO","  502","YWG"," 160","YGX","5497",NA,"0","AT4"
"MO","  502","YWG"," 160","YQD","5524",NA,"0","AT4 FRJ"
"MO","  502","YWG"," 160","YRT"," 132",NA,"0","FRJ AT4"
"MO","  502","YWG"," 160","YSK","5529",NA,"0","AT4"
"MO","  502","YWG"," 160","YTH"," 141",NA,"0","AT4 FRJ"
"MO","  502","YWG"," 160","YYQ"," 187",NA,"0","AT4 FRJ"
"MO","  502","YXN","5534","YEK","  50",NA,"0","AT4"
"MO","  502","YXN","5534","YRT"," 132",NA,"0","AT4"
"MO","  502","YYQ"," 187","YEK","  50",NA,"0","AT4"
"MO","  502","YYQ"," 187","YRT"," 132",NA,"0","FRJ AT4"
"MO","  502","YYQ"," 187","YTH"," 141",NA,"0","AT4"
"MO","  502","YYQ"," 187","YWG"," 160",NA,"0","AT4 FRJ"
"MO","  502","YZF"," 196","YEG","  49","Y","0","73M"
"MO","  502","YZF"," 196","YOW"," 100","Y","0","73M"
"MO","  502","YZS","  41","YRT"," 132",NA,"0","AT4"
"MO","  502","YZS","  41","YUT"," 147",NA,"0","AT4"
"P6",NA,"YBC","  27","YQB"," 111",NA,"0","J32"
"P6",NA,"YBC","  27","YWK"," 161",NA,"0","J32"
"P6",NA,"YBG","  28","YHU","  71",NA,"0","J32"
"P6",NA,"YBG","  28","YQB"," 111",NA,"0","AT4"
"P6",NA,"YBG","  28","YZV"," 202",NA,"0","J32"
"P6",NA,"YGR","  65","YQB"," 111",NA,"0","PL2 J32"
"P6",NA,"YGR","  65","YVB","6775",NA,"0","J32 PL2"
"P6",NA,"YGV","7255","YZV"," 202",NA,"0","J32"
"P6",NA,"YHU","  71","YBG","  28",NA,"0","J32"
"P6",NA,"YHU","  71","YQB"," 111",NA,"0","J32 PL2"
"P6",NA,"YHU","  71","YVO"," 153",NA,"0","J32"
"P6",NA,"YHU","  71","YZV"," 202",NA,"0","J32"
"P6",NA,"YQB"," 111","YBC","  27",NA,"0","J32"
"P6",NA,"YQB"," 111","YGR","  65",NA,"0","J32 PL2"
"P6",NA,"YQB"," 111","YHU","  71",NA,"0","J32 PL2"
"P6",NA,"YQB"," 111","YVB","6775",NA,"0","PL2"
"P6",NA,"YQB"," 111","YWK"," 161",NA,"0","AT4"
"P6",NA,"YQB"," 111","YYY"," 192",NA,"0","AT4 J32"
"P6",NA,"YQB"," 111","YZV"," 202",NA,"0","J32"
"P6",NA,"YUY"," 149","YVO"," 153",NA,"0","J32"
"P6",NA,"YVB","6775","YGR","  65",NA,"0","PL2 J32"
"P6",NA,"YVB","6775","YYY"," 192",NA,"0","J32 PL2"
"P6",NA,"YVB","6775","ZBF","5538",NA,"0","J32"
"P6",NA,"YVO"," 153","YHU","  71",NA,"0","J32"
"P6",NA,"YVO"," 153","YUY"," 149",NA,"0","J32"
"P6",NA,"YWK"," 161","YBC","  27",NA,"0","J32"
"P6",NA,"YWK"," 161","YBG","  28",NA,"0","AT4"
"P6",NA,"YWK"," 161","YVB","6775",NA,"0","J32"
"P6",NA,"YWK"," 161","YZV"," 202",NA,"0","J32 AT4"
"P6",NA,"YYY"," 192","YQB"," 111",NA,"0","J32 AT4 PL2"
"P6",NA,"YYY"," 192","YVB","6775",NA,"0","J32"
"P6",NA,"YYY"," 192","YZV"," 202",NA,"0","AT4"
"P6",NA,"YZV"," 202","YBG","  28",NA,"0","J32"
"P6",NA,"YZV"," 202","YGV","7255",NA,"0","J32"
"P6",NA,"YZV"," 202","YHU","  71",NA,"0","J32"
"P6",NA,"YZV"," 202","YQB"," 111",NA,"0","J32"
"P6",NA,"YZV"," 202","YWK"," 161",NA,"0","AT4 J32"
"P6",NA,"YZV"," 202","YYY"," 192",NA,"0","AT4"
"PB",NA,"YAY","  24","YBX","5485",NA,"0","SFB"
"PB",NA,"YAY","  24","YYR"," 188",NA,"0","DH1"
"PB",NA,"YAY","  24","YYT"," 189",NA,"0","SFB DH1"
"PB",NA,"YBX","5485","YAY","  24",NA,"0","SFB"
"PB",NA,"YBX","5485","YYR"," 188",NA,"0","SFB"
"PB",NA,"YCL","  36","YHZ","  73",NA,"0","SFB"
"PB",NA,"YCL","  36","YWK"," 161",NA,"0","SFB"
"PB",NA,"YDF","  45","YYR"," 188",NA,"0","DH1 SFB"
"PB",NA,"YDF","  45","YYT"," 189",NA,"0","SFB DH1"
"PB",NA,"YDP","5488","YYR"," 188",NA,"0","DHT"
"PB",NA,"YHO","5502","YMN","5492",NA,"0","DHT"
"PB",NA,"YHZ","  73","YCL","  36",NA,"0","SFB"
"PB",NA,"YJT","  77","YDF","  45",NA,"0","SFB"
"PB",NA,"YKL","  80","YWK"," 161",NA,"0","SFB"
"PB",NA,"YMN","5492","YHO","5502",NA,"0","DHT"
"PB",NA,"YMN","5492","YSO","7252",NA,"0","DHT"
"PB",NA,"YQB"," 111","YUL"," 146",NA,"0","DH1"
"PB",NA,"YQB"," 111","YZV"," 202",NA,"0","DH1"
"PB",NA,"YSO","7252","YMN","5492",NA,"0","DHT"
"PB",NA,"YSO","7252","YYR"," 188",NA,"0","DHT"
"PB",NA,"YUL"," 146","YQB"," 111",NA,"0","DH1"
"PB",NA,"YUL"," 146","YWK"," 161",NA,"0","DH1"
"PB",NA,"YUL"," 146","YZV"," 202",NA,"0","DH1"
"PB",NA,"YWK"," 161","YCL","  36",NA,"0","SFB"
"PB",NA,"YWK"," 161","YKL","  80",NA,"0","SFB"
"PB",NA,"YWK"," 161","YUL"," 146",NA,"0","DH1"
"PB",NA,"YWK"," 161","YYR"," 188",NA,"0","DH1"
"PB",NA,"YWK"," 161","YZV"," 202",NA,"0","DH1"
"PB",NA,"YWK"," 161","ZUM","5550",NA,"0","DH1"
"PB",NA,"YYR"," 188","YAY","  24",NA,"0","DH1"
"PB",NA,"YYR"," 188","YBX","5485",NA,"0","SFB"
"PB",NA,"YYR"," 188","YDF","  45",NA,"0","DH1"
"PB",NA,"YYR"," 188","YDP","5488",NA,"0","DHT"
"PB",NA,"YYR"," 188","YSO","7252",NA,"0","DHT"
"PB",NA,"YYR"," 188","YWK"," 161",NA,"0","DH1"
"PB",NA,"YYR"," 188","YYT"," 189",NA,"0","DH1 SFB"
"PB",NA,"YYR"," 188","ZUM","5550",NA,"0","DH1"
"PB",NA,"YYT"," 189","YAY","  24",NA,"0","SFB DH1"
"PB",NA,"YYT"," 189","YDF","  45",NA,"0","DH1 SFB"
"PB",NA,"YYT"," 189","YJT","  77",NA,"0","SFB"
"PB",NA,"YYT"," 189","YYR"," 188",NA,"0","DH1"
"PB",NA,"YZV"," 202","YQB"," 111",NA,"0","DH1"
"PB",NA,"YZV"," 202","YUL"," 146",NA,"0","DH1"
"PB",NA,"YZV"," 202","YWK"," 161",NA,"0","DH1"
"PB",NA,"ZUM","5550","YWK"," 161",NA,"0","DH1"
"PB",NA,"ZUM","5550","YYR"," 188",NA,"0","DH1"
"PD"," 4021","YAM","  21","YTZ"," 144",NA,"0","DH4"
"PD"," 4021","YHZ","  73","YOW"," 100",NA,"0","DH4"
"PD"," 4021","YHZ","  73","YUL"," 146",NA,"0","DH4"
"PD"," 4021","YHZ","  73","YYT"," 189",NA,"0","DH4"
"PD"," 4021","YOW"," 100","YHZ","  73",NA,"0","DH4"
"PD"," 4021","YOW"," 100","YQM"," 117",NA,"0","DH4"
"PD"," 4021","YOW"," 100","YTZ"," 144",NA,"0","DH4"
"PD"," 4021","YQB"," 111","YTZ"," 144",NA,"0","DH4"
"PD"," 4021","YQG"," 113","YTZ"," 144",NA,"0","DH4"
"PD"," 4021","YQM"," 117","YOW"," 100",NA,"0","DH4"
"PD"," 4021","YQT"," 121","YTZ"," 144",NA,"0","DH4"
"PD"," 4021","YSB"," 133","YTZ"," 144",NA,"0","DH4"
"PD"," 4021","YTS"," 143","YTZ"," 144",NA,"0","DH4"
"PD"," 4021","YTZ"," 144","YAM","  21",NA,"0","DH4"
"PD"," 4021","YTZ"," 144","YOW"," 100",NA,"0","DH4"
"PD"," 4021","YTZ"," 144","YQB"," 111",NA,"0","DH4"
"PD"," 4021","YTZ"," 144","YQG"," 113",NA,"0","DH4"
"PD"," 4021","YTZ"," 144","YQT"," 121",NA,"0","DH4"
"PD"," 4021","YTZ"," 144","YSB"," 133",NA,"0","DH4"
"PD"," 4021","YTZ"," 144","YTS"," 143",NA,"0","DH4"
"PD"," 4021","YTZ"," 144","YUL"," 146",NA,"0","DH4"
"PD"," 4021","YUL"," 146","YHZ","  73",NA,"0","DH4"
"PD"," 4021","YUL"," 146","YTZ"," 144",NA,"0","DH4"
"PD"," 4021","YYT"," 189","YHZ","  73",NA,"0","DH4"
"PR"," 3952","YVR"," 156","YYZ"," 193",NA,"0","773"
"PR"," 3952","YYZ"," 193","YVR"," 156",NA,"0","773"
"Q9","11838","YBC","  27","YQB"," 111",NA,"0","BEH"
"Q9","11838","YBC","  27","YYY"," 192",NA,"0","BEH"
"Q9","11838","YGV","7255","YPN"," 106",NA,"0","PAG"
"Q9","11838","YGV","7255","YZV"," 202",NA,"0","BE1"
"Q9","11838","YNA","  94","YZV"," 202",NA,"0","BEH"
"Q9","11838","YPN"," 106","YGV","7255",NA,"0","PAG"
"Q9","11838","YPN"," 106","YZV"," 202",NA,"0","PAG"
"Q9","11838","YQB"," 111","YBC","  27",NA,"0","BEH"
"Q9","11838","YQB"," 111","YZV"," 202",NA,"0","BEH"
"Q9","11838","YWK"," 161","YYY"," 192",NA,"0","BEH"
"Q9","11838","YWK"," 161","YZV"," 202",NA,"0","BEH"
"Q9","11838","YYY"," 192","YBC","  27",NA,"0","BEH"
"Q9","11838","YYY"," 192","YWK"," 161",NA,"0","BEH"
"Q9","11838","YYY"," 192","YZV"," 202",NA,"0","BEH"
"Q9","11838","YZV"," 202","YGV","7255",NA,"0","BE1"
"Q9","11838","YZV"," 202","YNA","  94",NA,"0","BEH"
"Q9","11838","YZV"," 202","YPN"," 106",NA,"0","PAG"
"Q9","11838","YZV"," 202","YQB"," 111",NA,"0","BEH"
"Q9","11838","YZV"," 202","YWK"," 161",NA,"0","BEH"
"Q9","11838","YZV"," 202","YYY"," 192",NA,"0","BEH"
"TS"," 1317","YQB"," 111","YUL"," 146",NA,"0","310"
"TS"," 1317","YUL"," 146","YQB"," 111",NA,"0","310"
"TS"," 1317","YUL"," 146","YYZ"," 193",NA,"0","310"
"TS"," 1317","YVR"," 156","YYC"," 178",NA,"0","330"
"TS"," 1317","YYC"," 178","YEG","  49",NA,"0","330"
"TS"," 1317","YYC"," 178","YVR"," 156",NA,"0","330"
"TS"," 1317","YYZ"," 193","YQB"," 111",NA,"0","330"
"TS"," 1317","YYZ"," 193","YUL"," 146",NA,"0","310"
"UA"," 5209","YUL"," 146","YYZ"," 193","Y","0","333"
"UA"," 5209","YYZ"," 193","YUL"," 146","Y","0","333"
"WJ"," 5399","YBX","5485","YIF","6789",NA,"0","DHT BE1"
"WJ"," 5399","YDP","5488","YYR"," 188",NA,"0","DHT"
"WJ"," 5399","YHO","5502","YSO","7252",NA,"0","DHT"
"WJ"," 5399","YHR","5503","YIF","6789",NA,"0","BE1"
"WJ"," 5399","YHR","5503","YNA","  94",NA,"0","BE1"
"WJ"," 5399","YHR","5503","ZTB","5473",NA,"0","DHT"
"WJ"," 5399","YIF","6789","YBX","5485",NA,"0","BE1 DHT"
"WJ"," 5399","YIF","6789","YHR","5503",NA,"0","BE1"
"WJ"," 5399","YIF","6789","ZLT","5474",NA,"0","DHT"
"WJ"," 5399","YMN","5492","YRG","5461",NA,"0","DHT"
"WJ"," 5399","YMN","5492","YSO","7252",NA,"0","DHT"
"WJ"," 5399","YNA","  94","YHR","5503",NA,"0","BE1"
"WJ"," 5399","YNA","  94","YZV"," 202",NA,"0","BE1"
"WJ"," 5399","YNA","  94","ZKG","8217",NA,"0","DHT"
"WJ"," 5399","YRG","5461","YMN","5492",NA,"0","DHT"
"WJ"," 5399","YRG","5461","YYR"," 188",NA,"0","DHT"
"WJ"," 5399","YSO","7252","YHO","5502",NA,"0","DHT"
"WJ"," 5399","YSO","7252","YMN","5492",NA,"0","DHT"
"WJ"," 5399","YYR"," 188","YDP","5488",NA,"0","DHT"
"WJ"," 5399","YYR"," 188","YRG","5461",NA,"0","DHT"
"WJ"," 5399","YZV"," 202","YNA","  94",NA,"0","BE1"
"WJ"," 5399","ZKG","8217","YNA","  94",NA,"0","DHT"
"WJ"," 5399","ZLT","5474","YIF","6789",NA,"0","DHT"
"WJ"," 5399","ZLT","5474","ZTB","5473",NA,"0","DHT"
"WJ"," 5399","ZTB","5473","YHR","5503",NA,"0","DHT"
"WJ"," 5399","ZTB","5473","ZLT","5474",NA,"0","DHT"
"WS"," 5416","YBR","  31","YYC"," 178",NA,"0","DH4"
"WS"," 5416","YCD","  33","YYC"," 178",NA,"0","DH4"
"WS"," 5416","YDF","  45","YYZ"," 193",NA,"0","73W"
"WS"," 5416","YEG","  49","YHM","  70",NA,"0","73W"
"WS"," 5416","YEG","  49","YLW","  87",NA,"0","73W"
"WS"," 5416","YEG","  49","YMM","  90",NA,"0","73W DH4"
"WS"," 5416","YEG","  49","YOW"," 100",NA,"0","73W"
"WS"," 5416","YEG","  49","YQQ"," 119",NA,"0","73W"
"WS"," 5416","YEG","  49","YQR"," 120",NA,"0","DH4"
"WS"," 5416","YEG","  49","YQU"," 122",NA,"0","DH4"
"WS"," 5416","YEG","  49","YUL"," 146",NA,"0","736"
"WS"," 5416","YEG","  49","YVR"," 156",NA,"0","73H 73W 736"
"WS"," 5416","YEG","  49","YWG"," 160",NA,"0","73W"
"WS"," 5416","YEG","  49","YXE"," 166",NA,"0","DH4"
"WS"," 5416","YEG","  49","YXX"," 175",NA,"0","73W"
"WS"," 5416","YEG","  49","YYC"," 178",NA,"0","73W DH4"
"WS"," 5416","YEG","  49","YYJ"," 184",NA,"0","736 73W"
"WS"," 5416","YEG","  49","YYZ"," 193",NA,"0","73H 73W"
"WS"," 5416","YEG","  49","YZF"," 196",NA,"0","73W 736"
"WS"," 5416","YHM","  70","YEG","  49",NA,"0","73W"
"WS"," 5416","YHM","  70","YHZ","  73",NA,"0","73W"
"WS"," 5416","YHM","  70","YQM"," 117",NA,"0","73W"
"WS"," 5416","YHM","  70","YYC"," 178",NA,"0","73H 73W"
"WS"," 5416","YHZ","  73","YHM","  70",NA,"0","73W"
"WS"," 5416","YHZ","  73","YOW"," 100",NA,"0","73W"
"WS"," 5416","YHZ","  73","YYC"," 178",NA,"0","73W"
"WS"," 5416","YHZ","  73","YYT"," 189",NA,"0","73W"
"WS"," 5416","YHZ","  73","YYZ"," 193",NA,"0","73W 736"
"WS"," 5416","YKA","  78","YYC"," 178",NA,"0","DH4"
"WS"," 5416","YKF","  79","YYC"," 178",NA,"0","73W"
"WS"," 5416","YLW","  87","YEG","  49",NA,"0","73W"
"WS"," 5416","YLW","  87","YVR"," 156",NA,"0","73W DH4"
"WS"," 5416","YLW","  87","YYC"," 178",NA,"0","73W"
"WS"," 5416","YLW","  87","YYJ"," 184",NA,"0","DH4"
"WS"," 5416","YLW","  87","YYZ"," 193",NA,"0","736"
"WS"," 5416","YMM","  90","YEG","  49",NA,"0","73W DH4"
"WS"," 5416","YMM","  90","YYC"," 178",NA,"0","73W"
"WS"," 5416","YMM","  90","YYZ"," 193",NA,"0","73W"
"WS"," 5416","YOW"," 100","YEG","  49",NA,"0","73W"
"WS"," 5416","YOW"," 100","YHZ","  73",NA,"0","73W"
"WS"," 5416","YOW"," 100","YWG"," 160",NA,"0","73W"
"WS"," 5416","YOW"," 100","YYC"," 178",NA,"0","73W 736"
"WS"," 5416","YOW"," 100","YYT"," 189",NA,"0","73W"
"WS"," 5416","YOW"," 100","YYZ"," 193",NA,"0","736 73W"
"WS"," 5416","YQB"," 111","YYZ"," 193",NA,"0","73W"
"WS"," 5416","YQG"," 113","YYC"," 178",NA,"0","73W"
"WS"," 5416","YQM"," 117","YHM","  70",NA,"0","73W"
"WS"," 5416","YQM"," 117","YYZ"," 193",NA,"0","73W"
"WS"," 5416","YQQ"," 119","YEG","  49",NA,"0","73W"
"WS"," 5416","YQQ"," 119","YYC"," 178",NA,"0","73W 73H 736"
"WS"," 5416","YQR"," 120","YEG","  49",NA,"0","DH4"
"WS"," 5416","YQR"," 120","YVR"," 156",NA,"0","73W"
"WS"," 5416","YQR"," 120","YWG"," 160",NA,"0","DH4"
"WS"," 5416","YQR"," 120","YYC"," 178",NA,"0","73W DH4"
"WS"," 5416","YQR"," 120","YYZ"," 193",NA,"0","73W"
"WS"," 5416","YQT"," 121","YWG"," 160",NA,"0","73W 736"
"WS"," 5416","YQT"," 121","YYZ"," 193",NA,"0","73W 736"
"WS"," 5416","YQU"," 122","YEG","  49",NA,"0","DH4"
"WS"," 5416","YQU"," 122","YYC"," 178",NA,"0","DH4"
"WS"," 5416","YUL"," 146","YEG","  49",NA,"0","736"
"WS"," 5416","YUL"," 146","YVR"," 156",NA,"0","73W"
"WS"," 5416","YUL"," 146","YWG"," 160",NA,"0","73W"
"WS"," 5416","YUL"," 146","YYC"," 178",NA,"0","73W"
"WS"," 5416","YUL"," 146","YYZ"," 193",NA,"0","73W 736"
"WS"," 5416","YVR"," 156","YEG","  49",NA,"0","73W 73H 736"
"WS"," 5416","YVR"," 156","YLW","  87",NA,"0","73W DH4"
"WS"," 5416","YVR"," 156","YQR"," 120",NA,"0","73W"
"WS"," 5416","YVR"," 156","YUL"," 146",NA,"0","73W"
"WS"," 5416","YVR"," 156","YWG"," 160",NA,"0","736 73W"
"WS"," 5416","YVR"," 156","YXE"," 166",NA,"0","73W"
"WS"," 5416","YVR"," 156","YXJ"," 168",NA,"0","DH4"
"WS"," 5416","YVR"," 156","YXS"," 172",NA,"0","73W DH4"
"WS"," 5416","YVR"," 156","YXT"," 173",NA,"0","DH4"
"WS"," 5416","YVR"," 156","YYC"," 178",NA,"0","73H 73W 736"
"WS"," 5416","YVR"," 156","YYJ"," 184",NA,"0","DH4"
"WS"," 5416","YVR"," 156","YYZ"," 193",NA,"0","73W 73H 736"
"WS"," 5416","YWG"," 160","YEG","  49",NA,"0","73W 736"
"WS"," 5416","YWG"," 160","YOW"," 100",NA,"0","73W"
"WS"," 5416","YWG"," 160","YQR"," 120",NA,"0","DH4"
"WS"," 5416","YWG"," 160","YQT"," 121",NA,"0","73W 736"
"WS"," 5416","YWG"," 160","YUL"," 146",NA,"0","73W"
"WS"," 5416","YWG"," 160","YVR"," 156",NA,"0","73W 736"
"WS"," 5416","YWG"," 160","YXE"," 166",NA,"0","DH4"
"WS"," 5416","YWG"," 160","YXU"," 174",NA,"0","73W"
"WS"," 5416","YWG"," 160","YYC"," 178",NA,"0","73W"
"WS"," 5416","YWG"," 160","YYZ"," 193",NA,"0","73W 736"
"WS"," 5416","YXE"," 166","YEG","  49",NA,"0","DH4"
"WS"," 5416","YXE"," 166","YVR"," 156",NA,"0","73W"
"WS"," 5416","YXE"," 166","YWG"," 160",NA,"0","DH4"
"WS"," 5416","YXE"," 166","YYC"," 178",NA,"0","73W DH4"
"WS"," 5416","YXE"," 166","YYZ"," 193",NA,"0","73W"
"WS"," 5416","YXJ"," 168","YVR"," 156",NA,"0","DH4"
"WS"," 5416","YXJ"," 168","YYC"," 178",NA,"0","DH4"
"WS"," 5416","YXS"," 172","YVR"," 156",NA,"0","DH4 73W"
"WS"," 5416","YXS"," 172","YYC"," 178",NA,"0","736"
"WS"," 5416","YXT"," 173","YVR"," 156",NA,"0","DH4"
"WS"," 5416","YXU"," 174","YWG"," 160",NA,"0","73W"
"WS"," 5416","YXU"," 174","YYC"," 178",NA,"0","73W"
"WS"," 5416","YXX"," 175","YEG","  49",NA,"0","73W"
"WS"," 5416","YXX"," 175","YYC"," 178",NA,"0","73W 736"
"WS"," 5416","YYC"," 178","YBR","  31",NA,"0","DH4"
"WS"," 5416","YYC"," 178","YCD","  33",NA,"0","DH4"
"WS"," 5416","YYC"," 178","YEG","  49",NA,"0","DH4 73W 736"
"WS"," 5416","YYC"," 178","YHM","  70",NA,"0","73W 73H"
"WS"," 5416","YYC"," 178","YHZ","  73",NA,"0","73W"
"WS"," 5416","YYC"," 178","YKA","  78",NA,"0","DH4"
"WS"," 5416","YYC"," 178","YKF","  79",NA,"0","73W"
"WS"," 5416","YYC"," 178","YLW","  87",NA,"0","736 73W DH4"
"WS"," 5416","YYC"," 178","YMM","  90",NA,"0","73W"
"WS"," 5416","YYC"," 178","YOW"," 100",NA,"0","73W"
"WS"," 5416","YYC"," 178","YQG"," 113",NA,"0","73W"
"WS"," 5416","YYC"," 178","YQQ"," 119",NA,"0","73W 73H 736"
"WS"," 5416","YYC"," 178","YQR"," 120",NA,"0","DH4 73W"
"WS"," 5416","YYC"," 178","YQU"," 122",NA,"0","DH4"
"WS"," 5416","YYC"," 178","YUL"," 146",NA,"0","73W"
"WS"," 5416","YYC"," 178","YVR"," 156",NA,"0","73W 736 73H"
"WS"," 5416","YYC"," 178","YWG"," 160",NA,"0","73W 736"
"WS"," 5416","YYC"," 178","YXE"," 166",NA,"0","73W DH4"
"WS"," 5416","YYC"," 178","YXJ"," 168",NA,"0","DH4"
"WS"," 5416","YYC"," 178","YXS"," 172",NA,"0","736"
"WS"," 5416","YYC"," 178","YXU"," 174",NA,"0","73W"
"WS"," 5416","YYC"," 178","YXX"," 175",NA,"0","73W 736"
"WS"," 5416","YYC"," 178","YYJ"," 184",NA,"0","73W 73H"
"WS"," 5416","YYC"," 178","YYZ"," 193",NA,"0","73H 73W 736"
"WS"," 5416","YYG"," 182","YYZ"," 193",NA,"0","73W 736"
"WS"," 5416","YYJ"," 184","YEG","  49",NA,"0","73W"
"WS"," 5416","YYJ"," 184","YLW","  87",NA,"0","DH4"
"WS"," 5416","YYJ"," 184","YVR"," 156",NA,"0","DH4"
"WS"," 5416","YYJ"," 184","YYC"," 178",NA,"0","73W 736 73H"
"WS"," 5416","YYJ"," 184","YYZ"," 193",NA,"0","73W"
"WS"," 5416","YYT"," 189","YHZ","  73",NA,"0","73W"
"WS"," 5416","YYT"," 189","YOW"," 100",NA,"0","73W"
"WS"," 5416","YYT"," 189","YYZ"," 193",NA,"0","73H 73W"
"WS"," 5416","YYZ"," 193","YDF","  45",NA,"0","73W"
"WS"," 5416","YYZ"," 193","YEG","  49",NA,"0","73W 73H"
"WS"," 5416","YYZ"," 193","YHZ","  73",NA,"0","73W 736"
"WS"," 5416","YYZ"," 193","YLW","  87",NA,"0","73W"
"WS"," 5416","YYZ"," 193","YMM","  90",NA,"0","73W"
"WS"," 5416","YYZ"," 193","YOW"," 100",NA,"0","736 73W"
"WS"," 5416","YYZ"," 193","YQB"," 111",NA,"0","73W"
"WS"," 5416","YYZ"," 193","YQM"," 117",NA,"0","73W"
"WS"," 5416","YYZ"," 193","YQR"," 120",NA,"0","73W"
"WS"," 5416","YYZ"," 193","YQT"," 121",NA,"0","73W 736"
"WS"," 5416","YYZ"," 193","YUL"," 146",NA,"0","73W 736"
"WS"," 5416","YYZ"," 193","YVR"," 156",NA,"0","73W 736 73H"
"WS"," 5416","YYZ"," 193","YWG"," 160",NA,"0","73W 736"
"WS"," 5416","YYZ"," 193","YXE"," 166",NA,"0","73W"
"WS"," 5416","YYZ"," 193","YYC"," 178",NA,"0","73W 73H 736"
"WS"," 5416","YYZ"," 193","YYG"," 182",NA,"0","73W 736"
"WS"," 5416","YYZ"," 193","YYJ"," 184",NA,"0","73W"
"WS"," 5416","YYZ"," 193","YYT"," 189",NA,"0","73W 73H"
"WS"," 5416","YZF"," 196","YEG","  49",NA,"0","73W 736"
"WT",NA,"KEW","8355","YRL","5527",NA,"0","BEH"
"WT",NA,"KIF","5469","WNN","5466",NA,"0","BEH"
"WT",NA,"KIF","5469","YXL"," 169",NA,"0","BEH"
"WT",NA,"MSA","5544","XBE","5468",NA,"0","BEH"
"WT",NA,"MSA","5544","YXL"," 169",NA,"0","BEH"
"WT",NA,"MSA","5544","ZPB","5546",NA,"0","BEH"
"WT",NA,"MSA","5544","ZRJ","5547",NA,"0","BEH"
"WT",NA,"SUR","5464","YXL"," 169",NA,"0","BEH"
"WT",NA,"WNN","5466","KIF","5469",NA,"0","BEH"
"WT",NA,"WNN","5466","SUR","5464",NA,"0","BEH"
"WT",NA,"WNN","5466","YXL"," 169",NA,"0","BEH"
"WT",NA,"XBE","5468","MSA","5544",NA,"0","BEH"
"WT",NA,"XBE","5468","YAX","5465",NA,"0","BEH"
"WT",NA,"XBE","5468","YTL","5531",NA,"0","BEH"
"WT",NA,"XBE","5468","YXL"," 169",NA,"0","BEH"
"WT",NA,"XKS","5480","YTL","5531",NA,"0","BEH"
"WT",NA,"XKS","5480","YXL"," 169",NA,"0","BEH"
"WT",NA,"YAC","5478","YXL"," 169",NA,"0","BEH"
"WT",NA,"YAC","5478","ZRJ","5547",NA,"0","BEH"
"WT",NA,"YAX","5465","XBE","5468",NA,"0","BEH"
"WT",NA,"YAX","5465","YTL","5531",NA,"0","BEH"
"WT",NA,"YER","5489","YAX","5465",NA,"0","BEH"
"WT",NA,"YER","5489","YTL","5531",NA,"0","BEH"
"WT",NA,"YER","5489","YXL"," 169",NA,"0","BEH"
"WT",NA,"YFH","5491","YLH","5510",NA,"0","BEH"
"WT",NA,"YFH","5491","YOG","5470",NA,"0","PL2"
"WT",NA,"YFH","5491","YQT"," 121",NA,"0","PL2 BEH"
"WT",NA,"YHP","5471","YNO","5467",NA,"0","BEH"
"WT",NA,"YHP","5471","YRL","5527",NA,"0","PL2 BEH"
"WT",NA,"YLH","5510","YFH","5491",NA,"0","BEH PL2"
"WT",NA,"YLH","5510","YWP","5533",NA,"0","BEH"
"WT",NA,"YNO","5467","YHP","5471",NA,"0","PL2 BEH"
"WT",NA,"YNO","5467","YRL","5527",NA,"0","BEH"
"WT",NA,"YOG","5470","YFH","5491",NA,"0","PL2"
"WT",NA,"YPL"," 105","YQT"," 121",NA,"0","PL2"
"WT",NA,"YPM","5521","YHP","5471",NA,"0","BEH"
"WT",NA,"YPM","5521","YNO","5467",NA,"0","PL2 BEH"
"WT",NA,"YPM","5521","YRL","5527",NA,"0","PL2"
"WT",NA,"YPM","5521","YVZ","5532",NA,"0","BEH"
"WT",NA,"YPM","5521","YXL"," 169",NA,"0","BEH"
"WT",NA,"YQT"," 121","YFH","5491",NA,"0","BEH PL2"
"WT",NA,"YQT"," 121","YWP","5533",NA,"0","BEH PL2"
"WT",NA,"YQT"," 121","YXL"," 169",NA,"0","BEH"
"WT",NA,"YRL","5527","YPM","5521",NA,"0","BEH PL2"
"WT",NA,"YRL","5527","YVZ","5532",NA,"0","BEH"
"WT",NA,"YRL","5527","YXL"," 169",NA,"0","BEH PL2"
"WT",NA,"YRL","5527","ZSJ","5548",NA,"0","PL2"
"WT",NA,"YTL","5531","XBE","5468",NA,"0","BEH"
"WT",NA,"YTL","5531","XKS","5480",NA,"0","BEH"
"WT",NA,"YTL","5531","YER","5489",NA,"0","BEH"
"WT",NA,"YTL","5531","YXL"," 169",NA,"0","BEH"
"WT",NA,"YVZ","5532","ZSJ","5548",NA,"0","BEH"
"WT",NA,"YWP","5533","YLH","5510",NA,"0","BEH PL2"
"WT",NA,"YWP","5533","YPL"," 105",NA,"0","BEH"
"WT",NA,"YXL"," 169","KIF","5469",NA,"0","BEH"
"WT",NA,"YXL"," 169","MSA","5544",NA,"0","BEH"
"WT",NA,"YXL"," 169","WNN","5466",NA,"0","BEH"
"WT",NA,"YXL"," 169","XBE","5468",NA,"0","BEH"
"WT",NA,"YXL"," 169","XKS","5480",NA,"0","BEH"
"WT",NA,"YXL"," 169","YAC","5478",NA,"0","BEH"
"WT",NA,"YXL"," 169","YAX","5465",NA,"0","BEH"
"WT",NA,"YXL"," 169","YER","5489",NA,"0","BEH"
"WT",NA,"YXL"," 169","YQT"," 121",NA,"0","BEH DH1"
"WT",NA,"YXL"," 169","YRL","5527",NA,"0","BEH PL2"
"WT",NA,"YXL"," 169","YTL","5531",NA,"0","BEH"
"WT",NA,"YXL"," 169","ZPB","5546",NA,"0","BEH"
"WT",NA,"YXL"," 169","ZRJ","5547",NA,"0","BEH"
"WT",NA,"YXL"," 169","ZSJ","5548",NA,"0","BEH PL2"
"WT",NA,"ZPB","5546","MSA","5544",NA,"0","BEH"
"WT",NA,"ZPB","5546","YXL"," 169",NA,"0","BEH"
"WT",NA,"ZRJ","5547","MSA","5544",NA,"0","BEH"
"WT",NA,"ZRJ","5547","YAC","5478",NA,"0","BEH"
"WT",NA,"ZSJ","5548","KEW","8355",NA,"0","BEH"
"WT",NA,"ZSJ","5548","YPM","5521",NA,"0","PL2"
"WT",NA,"ZSJ","5548","YRL","5527",NA,"0","PL2 BEH"
"YN",NA,"YAT","5482","YPO","5522",NA,"0","DH1"
"YN",NA,"YAT","5482","ZKE","5543",NA,"0","DH1"
"YN",NA,"YFA","5490","YMO","  91",NA,"0","DH1"
"YN",NA,"YFA","5490","ZKE","5543",NA,"0","DH1"
"YN",NA,"YGW","5496","YKU","5472",NA,"0","DH8"
"YN",NA,"YKQ","5507","YKU","5472",NA,"0","DH8"
"YN",NA,"YKQ","5507","YMO","  91",NA,"0","BEC"
"YN",NA,"YKQ","5507","YMT","5514",NA,"0","DH8"
"YN",NA,"YKQ","5507","YNS","5501",NA,"0","DH8"
"YN",NA,"YKQ","5507","YVO"," 153",NA,"0","DH8"
"YN",NA,"YKQ","5507","ZEM","5539",NA,"0","DH8"
"YN",NA,"YKU","5472","YGW","5496",NA,"0","DH8"
"YN",NA,"YKU","5472","YKQ","5507",NA,"0","DH8"
"YN",NA,"YKU","5472","YNC","5516",NA,"0","DH8"
"YN",NA,"YKU","5472","YVO"," 153",NA,"0","BET"
"YN",NA,"YMO","  91","YFA","5490",NA,"0","DH1"
"YN",NA,"YMO","  91","YKQ","5507",NA,"0","BEC"
"YN",NA,"YMO","  91","YTS"," 143",NA,"0","BEC DH1 EMB"
"YN",NA,"YMT","5514","YKQ","5507",NA,"0","DH8"
"YN",NA,"YMT","5514","YNS","5501",NA,"0","DH8"
"YN",NA,"YMT","5514","YUL"," 146",NA,"0","DH8"
"YN",NA,"YNC","5516","YKU","5472",NA,"0","DH8"
"YN",NA,"YNC","5516","ZEM","5539",NA,"0","DH8"
"YN",NA,"YNS","5501","YKQ","5507",NA,"0","DH8"
"YN",NA,"YNS","5501","YMT","5514",NA,"0","DH8"
"YN",NA,"YPO","5522","YAT","5482",NA,"0","DH1"
"YN",NA,"YTS"," 143","YMO","  91",NA,"0","DH1 BEC"
"YN",NA,"YUL"," 146","YMT","5514",NA,"0","DH8"
"YN",NA,"YUL"," 146","YVO"," 153",NA,"0","DH8"
"YN",NA,"YVO"," 153","YKQ","5507",NA,"0","DH8"
"YN",NA,"YVO"," 153","YKU","5472",NA,"0","BET"
"YN",NA,"YVO"," 153","YUL"," 146",NA,"0","DH8"
"YN",NA,"ZEM","5539","YKQ","5507",NA,"0","DH8"
"YN",NA,"ZEM","5539","YNC","5516",NA,"0","DH8"
"YN",NA,"ZKE","5543","YAT","5482",NA,"0","DH1"
"YN",NA,"ZKE","5543","YFA","5490",NA,"0","DH1"
